Ticker,grossProfits,operatingMargins,profitMargins,returnOnEquity,returnOnAssets,ebitdaMargins,revenueGrowth,earningsGrowth,earningsQuarterlyGrowth,operatingCashflow,freeCashflow,debtToEquity,currentRatio,quickRatio,totalDebt,Label
MMM,10172999680,0.24367,0.137,0.72920996,0.07971,0.24818,0.035,-0.375,-0.392,2540999936.0,-489875008.0,281.904,1.842,1.027,13178999808.0,Non Undervalued Quality
AOS,1475100032,0.18631001,0.13851,0.28209,0.13878,0.20477,0.044,0.146,0.099,655600000.0,454037504.0,12.063,1.544,0.894,222500000.0,Non Undervalued Quality
ABT,24665999360,0.19395,0.3188,0.3062,0.067930005,0.26793,0.069,0.0,-0.001,9118999552.0,6067874816.0,25.31,1.703,1.088,12974999552.0,Non Undervalued Quality
ACN,22235400192,0.1522,0.11021,0.25509,0.111829996,0.17543,0.073,-0.155,-0.161,11474399232.0,10477106176.0,25.38,1.42,1.301,8182865920.0,Undervalued Quality
ADBE,20662999040,0.36289,0.30012,0.52875,0.18094,0.39084,0.107,0.112,0.052,9792000000.0,8503625216.0,56.542,1.019,0.87,6655000064.0,Non Undervalued Quality
AMD,16480000000,0.13736,0.10323,0.05317,0.025980001,0.18902999,0.356,0.603,0.612,6408000000.0,3245499904.0,6.366,2.308,1.176,3870000128.0,Non Undervalued Quality
AES,2088000000,0.20501,0.0874,0.05106,0.02269,0.26509002,0.019,0.253,0.268,3905999872.0,-3689874944.0,302.896,0.723,0.376,31894999040.0,Non Undervalued Quality
AFL,8527000064,0.4327,0.23552,0.1558,0.02645,0.30269,0.607,,,2572999936.0,6489999872.0,50.003,1.089,0.993,14344999936.0,Undervalued Quality
A,3568999936,0.23188,0.17973,0.19881001,0.08354,0.27076998,0.101,0.216,0.191,1495000064.0,902875008.0,56.421,2.248,1.542,3593999872.0,Non Undervalued Quality
ABNB,9916999680,0.39683,0.2203,0.30776,0.07475,0.23118,0.097,0.038,0.004,4585999872.0,3233625088.0,26.458,1.392,0.845,2278000128.0,Non Undervalued Quality
AKAM,2443834112,0.15743,0.12262999,0.10642,0.03785,0.28398,0.05,1.553,1.421,1495969024.0,565246016.0,110.548,2.281,1.983,5231072256.0,Non Undervalued Quality
ALGN,2758157056,0.15673,0.095010005,0.095769994,0.06323,0.20361,0.018,-0.497,-0.511,656124032.0,588808768.0,3.064,1.289,1.091,121271000.0,Non Undervalued Quality
ALLE,1795500032,0.21856001,0.16092,0.36411,0.10391,0.24163,0.107,0.095,0.082,762700032.0,512487488.0,116.084,1.771,1.014,2259699968.0,Non Undervalued Quality
LNT,2004000000,0.28843,0.19139,0.11461,0.027209999,0.43636,0.119,-0.052,-0.047,1154000000.0,-1113874944.0,163.145,0.825,0.554,11921000448.0,Non Undervalued Quality
ALL,18852999168,0.24439,0.12533,0.34469002,0.05093,0.15057,0.038,2.222,2.148,8826000384.0,6504249856.0,29.43,0.426,0.288,8089999872.0,Undervalued Quality
GOOGL,228095000576,0.30512,0.32233003,0.3545,0.16275999,0.37660998,0.159,0.353,0.33,151424008192.0,47997751296.0,11.424,1.747,1.563,44195000320.0,Non Undervalued Quality
GOOG,228095000576,0.30512,0.32233003,0.3545,0.16275999,0.37660998,0.159,0.353,0.33,151424008192.0,47997751296.0,11.424,1.747,1.563,44195000320.0,Non Undervalued Quality
AMZN,345982009344,0.11057,0.11063,0.24327,0.07495,0.20207001,0.134,0.364,0.382,130690998272.0,26080000000.0,43.405,1.009,0.76,160437993472.0,Non Undervalued Quality
AMCR,3299000064,0.0933,0.03345,0.07467,0.03543,0.14235,0.713,-0.144,0.372,1526000000.0,403375008.0,134.68,1.042,0.52,15797999616.0,Non Undervalued Quality
AEE,4067000064,0.34,0.1634,0.11387,0.02931,0.41054,0.248,0.382,0.404,3214000128.0,-2117750016.0,155.736,0.93,0.461,20103999488.0,Non Undervalued Quality
AEP,10293000192,0.25885,0.17228001,0.12923001,0.03209,0.41197,0.109,0.006,0.013,6858200064.0,-4280337408.0,152.132,0.686,0.419,47890001920.0,Non Undervalued Quality
AXP,41876000768,0.22052999,0.16143999,0.33935001,0.03708,0.0,0.122,0.186,0.158,21138999296.0,,185.273,1.602,1.579,60060000256.0,Non Undervalued Quality
AIG,9223999488,0.15235,0.120170005,0.07688,0.017819999,0.3066,-0.041,0.323,0.131,2803000064.0,9084624896.0,22.48,0.617,0.214,9242999808.0,Undervalued Quality
AMT,7766300160,0.45477,0.28106,0.28839,0.04733,0.64357,0.077,,,5235500032.0,4248437504.0,418.09,0.59,0.492,45011197952.0,Non Undervalued Quality
AWK,3080000000,0.42591,0.21933001,0.10457,0.035520002,0.54458,0.097,0.081,0.083,2035000064.0,-1447250048.0,140.983,0.421,0.31,15377000448.0,Non Undervalued Quality
AMP,10508999680,0.37298,0.19586,0.59589,0.022219999,0.0,0.073,0.866,0.785,6037000192.0,2837250048.0,54.222,2.433,1.554,3500000000.0,Undervalued Quality
AME,2570373888,0.25787002,0.20502001,0.14632,0.07488,0.31644,0.108,0.088,0.092,1767515008.0,1368788736.0,26.09,1.155,0.66,2746409984.0,Non Undervalued Quality
AMGN,25198000128,0.34153,0.19474001,0.8171,0.07706,0.45817003,0.124,0.136,0.136,13125999616.0,11408624640.0,567.491,1.28,0.823,54586998784.0,Non Undervalued Quality
APH,7615099904,0.27481002,0.18218,0.34807998,0.14032,0.28906,0.534,1.021,1.061,4499599872.0,2328112384.0,63.99,2.07,1.409,8067100160.0,Non Undervalued Quality
ADI,6247789056,0.28551,0.18847999,0.05652,0.03387,0.44737998,0.246,0.316,0.322,4162209024.0,3380657152.0,25.541,2.324,1.686,8706007040.0,Non Undervalued Quality
AON,7961999872,0.20365,0.15962,0.3769,0.05587,0.319,0.074,0.344,0.335,3284000000.0,1896499968.0,214.88,1.058,0.222,17617999872.0,Non Undervalued Quality
APA,6239000064,0.27281,0.16093999,0.27427998,0.099259995,0.62191004,-0.164,,,4773000192.0,3169250048.0,66.895,0.775,0.585,4591000064.0,Undervalued Quality
APO,10880000000,0.29920998,0.15777001,0.16549,0.0144299995,0.0,0.264,1.153,1.141,2572999936.0,,94.598,1.986,1.875,37646999552.0,Non Undervalued Quality
AAPL,195201007616,0.31647,0.26915002,1.7142199,0.22964,0.34782,0.079,0.912,0.864,111482003456.0,78862254080.0,152.411,0.893,0.771,112377004032.0,Non Undervalued Quality
AMAT,13877999616,0.30581,0.23877001,0.35634997,0.15884,0.31643,0.077,0.083,0.043,7704999936.0,3332375040.0,34.67,2.501,1.622,6761999872.0,Non Undervalued Quality
APTV,3911000064,0.114350006,0.01464,0.03294,0.057729997,0.15913999,0.074,,,2427000064.0,1664000000.0,85.425,1.793,1.215,8169999872.0,Non Undervalued Quality
ACGL,6965000192,0.30691,0.20959,0.17811,0.03899,0.25646,0.082,0.391,0.366,6341000192.0,6687499776.0,11.501,0.564,0.277,2728000000.0,Undervalued Quality
ADM,5177999872,0.01949,0.01429,0.05242,0.0175,0.030269999,0.022,4.891,5.0,6087000064.0,2467624960.0,40.467,1.372,0.369,9207000064.0,Undervalued Quality
ANET,5435902976,0.42378,0.3973,0.31736,0.14658,0.43453997,0.275,0.155,0.14,4140934912.0,3268608000.0,,3.254,2.485,0.0,Non Undervalued Quality
AJG,5266400256,0.17212,0.13257,0.090670004,0.023020001,0.28488,0.2,-0.252,-0.128,1916300032.0,820150016.0,58.979,1.055,0.167,13704800256.0,Non Undervalued Quality
AIZ,1444300032,0.11153,0.06753,0.15413,0.020539999,0.11224,0.089,1.027,0.985,1265699968.0,988275008.0,38.316,0.41,0.146,2206400000.0,Undervalued Quality
T,74282999808,0.2158,0.17870001,0.19139999,0.040209997,0.35614,0.016,,,40860000256.0,10321250304.0,124.412,1.013,0.642,160167002112.0,Undervalued Quality
ATO,2678951936,0.30873,0.25045002,0.09057,0.03611,0.48497,0.196,0.075,0.126,2032013952.0,-1664760448.0,67.241,1.373,1.089,9000753152.0,Non Undervalued Quality
ADSK,6079000064,0.25865,0.15791,0.402,0.09272,0.24966,0.171,0.123,0.11,1924999936.0,2376999936.0,100.7,0.764,0.606,2734000128.0,Non Undervalued Quality
ADP,10097699840,0.25891,0.19788,0.70572996,0.06624,0.29149,0.071,0.064,0.059,4757600256.0,4415287296.0,154.917,1.054,0.266,9874100224.0,Non Undervalued Quality
AVB,1944902016,0.2928,0.38122,0.09754,0.02813,0.60965,0.044,0.024,0.024,1599486976.0,1317851776.0,73.165,0.707,0.09,8897918976.0,Non Undervalued Quality
AVY,2504800000,0.12687999,0.07932,0.30211002,0.08288,0.16375,0.015,-0.053,-0.085,855800000.0,666062528.0,171.013,1.264,0.793,3781100032.0,Non Undervalued Quality
AXON,1543895040,-0.00229,0.100509994,0.10028,-0.00032000002,0.02783,0.306,,,244270000.0,248673872.0,69.33,3.124,2.729,2099134976.0,Non Undervalued Quality
BKR,5917000192,0.13524,0.104329996,0.1689,0.057729997,0.16954,0.015,-0.208,-0.205,3337999872.0,790000000.0,33.042,1.409,0.744,6056000000.0,Non Undervalued Quality
BALL,2520999936,0.11542,0.05357,0.117469996,0.04535,0.15566,0.096,0.811,0.629,551000000.0,128125000.0,138.426,1.105,0.675,7546999808.0,Non Undervalued Quality
BAC,101445001216,0.35292998,0.29224002,0.09871,0.00881,0.0,0.126,0.315,0.228,61471997952.0,,,,,763981987840.0,Undervalued Quality
BDX,10023000064,0.14958,0.07683,0.06544,0.03522,0.25801,0.083,0.252,0.233,3430000128.0,3111000064.0,75.545,1.113,0.438,19181000704.0,Non Undervalued Quality
BRK-B,90653999104,0.41103,0.18129,0.1017,0.04775,0.27910998,0.021,0.172,0.173,39397998592.0,48615874560.0,18.166,2.722,2.55,127243001856.0,Undervalued Quality
BBY,9377999872,0.03867,0.0187,0.26722,0.06979,0.0619,0.016,-0.351,-0.361,2064000000.0,1149250048.0,150.074,1.038,0.297,4076000000.0,Non Undervalued Quality
TECH,813204992,0.1451,0.06409,0.038,0.060900003,0.26174998,-0.01,0.143,0.136,251252000.0,274297504.0,20.067,4.217,2.275,394472992.0,Non Undervalued Quality
BIIB,7706800128,0.30718002,0.1598,0.09307,0.057490002,0.3387,0.028,0.192,0.201,2453600000.0,2137600000.0,36.194,2.716,1.766,6590099968.0,Undervalued Quality
BLK,10908000256,0.3214,0.26638,0.120740004,0.033269998,0.38554,0.252,-0.226,-0.189,4268000000.0,6427250176.0,24.32,2.256,1.661,15043000320.0,Non Undervalued Quality
BX,12791218176,0.44629002,0.2117,0.26457,0.121190004,0.0,-0.196,-0.214,-0.2,3756771072.0,,65.942,1.004,0.941,14086088704.0,Non Undervalued Quality
XYZ,9857598464,0.06871,0.13081001,0.14692001,0.0226,0.06964,0.023,0.644,0.627,1972514048.0,241061248.0,36.049,2.183,1.257,8101347840.0,Undervalued Quality
BK,19733999616,0.37402,0.26568002,0.121520005,0.01194,0.0,0.1,0.253,0.223,3095000064.0,,,,,76399001600.0,Undervalued Quality
BSX,13221000192,0.20731,0.1443,0.12488,0.05756,0.26208,0.203,0.6,0.61,4625999872.0,3065125120.0,50.973,1.508,0.77,12044999680.0,Non Undervalued Quality
BMY,35135000576,0.31566,0.12572,0.33777002,0.0939,0.40007,0.028,0.809,0.818,16620999680.0,14718374912.0,274.414,1.266,1.106,51041001472.0,Undervalued Quality
AVGO,46253998080,0.31765,0.31592,0.27083,0.08895001,0.54644,0.164,1.881,1.727,25437999104.0,23096750080.0,166.032,1.497,1.279,40456998912.0,Non Undervalued Quality
BR,2211500032,0.118719995,0.13112001,0.38215,0.09519,0.24714,0.117,1.059,1.073,1339100032.0,1151874944.0,132.063,0.927,0.798,3480000000.0,Non Undervalued Quality
BRO,2651000064,0.24129,0.18691999,0.10695,0.03938,0.33047,0.342,-0.161,-0.03,1367000064.0,1150249984.0,64.746,1.182,0.472,8032999936.0,Non Undervalued Quality
BF-B,2329999872,0.27165002,0.21378,0.22649,0.08595,0.30724,-0.028,-0.123,-0.128,741000000.0,553875008.0,67.728,2.791,0.88,2700999936.0,Non Undervalued Quality
BLDR,4847938048,0.05805,0.03795,0.13555999,0.057589997,0.10231,-0.069,-0.549,-0.57,1394555008.0,764492224.0,117.723,1.786,1.083,5081157120.0,Undervalued Quality
BG,3420999936,0.02194,0.02201,0.09758,0.02592,0.03467,0.716,-0.46,-0.249,550000000.0,-7760625152.0,102.816,1.66,0.476,17777999872.0,Undervalued Quality
CHRW,1386718976,0.05578,0.03636,0.34318,0.095790006,0.05278,-0.109,0.675,0.676,877035008.0,741496256.0,80.904,1.585,1.516,1502418048.0,Non Undervalued Quality
CDNS,4459140096,0.35089,0.20354,0.21736,0.11089,0.36118,0.101,0.207,0.206,1616644992.0,1384099840.0,47.685,3.048,2.685,2479141888.0,Non Undervalued Quality
CPT,970961984,0.15994,0.1705,0.059310004,0.01989,0.56562,0.021,,,782163968.0,727876608.0,81.136,0.052,0.038,3741827072.0,Non Undervalued Quality
CPB,3151000064,0.13098,0.058709998,0.15636,0.06123,0.18434,0.012,,,1131000064.0,718875008.0,184.734,0.768,0.246,7212000256.0,Non Undervalued Quality
COF,28885999616,0.38719,0.04899,0.01615,0.0024899999,0.0,0.679,0.095,0.796,22335000576.0,,,,,54504001536.0,Non Undervalued Quality
KMX,3520314880,0.021440001,0.01843,0.084180005,0.01864,0.03986,-0.053,-0.248,-0.282,1208061952.0,-429718112.0,311.84,2.461,0.317,19335686144.0,Undervalued Quality
CCL,14433000448,0.27867,0.10069,0.25733998,0.05284,0.26599002,0.033,0.06,0.067,5610999808.0,1938625024.0,233.568,0.338,0.241,27860000768.0,Non Undervalued Quality
CARR,6034999808,0.09554,0.18052,0.0998,0.03812,0.16547,-0.068,0.005,-0.043,1604999936.0,2499749888.0,83.159,1.141,0.655,12339999744.0,Non Undervalued Quality
CAT,19478999040,0.17746,0.14339,0.46283,0.08206,0.21594,0.095,-0.036,-0.067,11541000192.0,6293749760.0,201.046,1.384,0.784,41534001152.0,Non Undervalued Quality
CBOE,2282500096,0.32846,0.21287,0.21621001,0.09729,0.32418,0.081,0.377,0.377,690099968.0,1021699968.0,32.645,1.718,0.919,1594700032.0,Non Undervalued Quality
CBRE,7587999744,0.04923,0.031229999,0.14091,0.044299997,0.06736,0.135,0.658,0.613,1678000000.0,1347250048.0,104.121,1.127,0.883,9676000256.0,Non Undervalued Quality
CDW,4774300160,0.07774,0.04757,0.43007,0.07037,0.08851,0.04,-0.056,-0.08,1116700032.0,921887488.0,239.737,1.39,1.244,6088600064.0,Undervalued Quality
COR,11291738112,0.011390001,0.00484,1.23751,0.03259,0.0149300005,0.059,,,3875120128.0,3451668736.0,438.489,0.903,0.512,7660772864.0,Non Undervalued Quality
CNP,4113999872,0.2495,0.11367,0.09606,0.02901,0.37655997,0.071,0.506,0.518,2600999936.0,-3115124992.0,202.111,0.513,0.336,22303000576.0,Non Undervalued Quality
CF,2483000064,0.34117,0.20472,0.21967,0.095649995,0.45086,0.211,0.416,0.279,2632999936.0,1363624960.0,44.133,2.273,1.863,3396000000.0,Undervalued Quality
SCHW,22304999424,0.49242002,0.35930002,0.17046,0.01768,0.0,0.266,0.775,0.675,-753000000.0,,99.789,0.59,0.59,49280000000.0,Non Undervalued Quality
CHTR,30435000320,0.23858999,0.092939995,0.31327,0.05546,0.40098998,-0.009,-0.054,-0.112,15776000000.0,2906874880.0,497.907,0.375,0.313,97530003456.0,Undervalued Quality
CVX,76610002944,0.098529994,0.06767,0.07316,0.04047,0.19971001,-0.014,-0.266,-0.211,31844999168.0,15743875072.0,21.239,1.152,0.72,41543999488.0,Undervalued Quality
CMG,4737442816,0.16134001,0.13036,0.44958,0.13583,0.19856001,0.075,0.022,-0.014,2214852096.0,1142371328.0,154.574,1.542,1.415,4980116992.0,Non Undervalued Quality
CB,17084999680,0.25623,0.16442,0.1364,0.029679999,0.21537,0.091,0.226,0.205,13320999936.0,12573875200.0,30.958,0.38,0.176,24088999936.0,Undervalued Quality
CHD,2759300096,0.16057,0.12742,0.18594,0.07856,0.21661,0.05,,,1144300032.0,1012412480.0,56.855,1.086,0.607,2400999936.0,Non Undervalued Quality
CI,25604999168,0.04,0.02293,0.15538,0.0395,0.04346,0.095,1.654,1.528,8664000512.0,8630625280.0,81.021,0.828,0.687,34040000512.0,Undervalued Quality
CINF,2804999936,0.38272,0.17569,0.14529,0.04305,0.23290001,0.122,0.367,0.368,2807000064.0,1700875008.0,5.732,1.118,0.929,883000000.0,Undervalued Quality
CTAS,5288593920,0.22731,0.17538,0.42187,0.15977,0.26323,0.087,0.091,0.087,2120029056.0,1492897024.0,56.254,2.239,1.034,2675266048.0,Non Undervalued Quality
CSCO,36790001664,0.21277,0.17969,0.22059,0.06342,0.27144,0.076,0.186,0.179,14193000448.0,12958874624.0,63.282,0.998,0.802,29642999808.0,Non Undervalued Quality
C,75383996416,0.30606002,0.19488001,0.06995,0.0058399998,0.0,0.116,0.232,0.159,-69390999552.0,,,,,778541989888.0,Undervalued Quality
CFG,7442999808,0.32026002,0.22894,0.067140006,0.0077,0.0,0.136,0.364,0.293,2852000000.0,,,,,11393000448.0,Undervalued Quality
CME,6385200128,0.63386,0.58946997,0.13346,0.01601,0.70383,-0.03,-0.004,-0.005,4161100032.0,2836375040.0,13.372,1.021,0.021,3769499904.0,Non Undervalued Quality
CMS,3511000064,0.26174998,0.12622,0.11233,0.03254,0.3607,0.16,0.092,0.095,2160000000.0,-1542625024.0,191.634,0.899,0.425,18072999936.0,Non Undervalued Quality
KO,29376000000,0.32373002,0.2734,0.42442,0.08959,0.34213,0.051,0.301,0.298,7602999808.0,1412875008.0,144.771,1.211,0.877,48161001472.0,Non Undervalued Quality
CTSH,7103000064,0.15993,0.10203,0.14501001,0.101560004,0.18114,0.074,-0.521,-0.529,2944999936.0,2306249984.0,7.854,2.358,1.965,1170000000.0,Undervalued Quality
COIN,6251782144,0.22578,0.43664002,0.26005,0.00736,0.27741,0.589,4.306,4.73,325849984.0,-1319555456.0,48.559,2.404,1.105,7780648960.0,Non Undervalued Quality
CL,12088000512,0.2023,0.1447,2.93635,0.15337,0.23944001,0.019,0.011,-0.003,4014000128.0,2739249920.0,680.048,0.93,0.505,8418999808.0,Non Undervalued Quality
CMCSA,88638996480,0.17735,0.18333,0.24186,0.051069997,0.30844,-0.027,-0.042,-0.082,32881999872.0,4067249920.0,101.462,0.882,0.689,99062996992.0,Undervalued Quality
CAG,2919399936,0.11688,0.07424,0.096540004,0.046669997,0.17181,-0.058,-0.649,-0.648,1543900032.0,1112912512.0,92.867,1.058,0.401,8279799808.0,Undervalued Quality
COP,29056000000,0.19543,0.14445,0.15421,0.080979995,0.41485,0.14,-0.216,-0.162,19935000576.0,6092499968.0,36.169,1.323,0.999,23481999360.0,Undervalued Quality
ED,8862999552,0.25342,0.122700006,0.08839,0.03264,0.35846,0.107,0.124,0.17,4630000128.0,-85625000.0,110.373,1.075,0.694,26674999296.0,Non Undervalued Quality
STZ,4997400064,0.36413,0.12705,0.15912,0.0896,0.37640998,-0.15,,,2769200128.0,2012125056.0,135.429,1.083,0.383,10544900096.0,Non Undervalued Quality
CEG,5000999936,0.16332,0.11026,0.19839,0.0388,0.23944001,0.003,-0.223,-0.225,2416000000.0,3059000064.0,61.51,1.563,1.144,9036999680.0,Non Undervalued Quality
COO,2708999936,0.16570999,0.1008,0.050100002,0.03794,0.27513,0.057,-0.058,-0.061,816300032.0,276212512.0,29.67,2.116,0.908,2478299904.0,Non Undervalued Quality
CPRT,2192059904,0.36672002,0.33408,0.18481001,0.118310004,0.42082,0.052,0.242,0.229,1799750016.0,868861248.0,1.127,8.422,7.335,103739000.0,Non Undervalued Quality
GLW,5366000128,0.14561,0.09159,0.12739,0.044239998,0.22742,0.209,,,2265999872.0,1098875008.0,76.51,1.556,0.745,9185000448.0,Non Undervalued Quality
CPAY,3376706048,0.44617,0.24365999,0.29097,0.06309,0.52279,0.139,0.003,0.006,1335835008.0,1306636800.0,201.153,1.134,0.722,8285751808.0,Non Undervalued Quality
CTVA,8055000064,-0.10313,0.09187999,0.06705,0.03805,0.21518,0.126,,,3204000000.0,2547749888.0,17.175,1.578,0.998,4373000192.0,Non Undervalued Quality
CSGP,2422299904,-0.061300002,0.00664,0.00252,-0.00398,0.05163,0.204,,,362500000.0,113800000.0,13.126,3.121,2.839,1132000000.0,Non Undervalued Quality
COST,35349000192,0.03878,0.02943,0.30686,0.08833,0.04654,0.081,0.11,0.109,13335000064.0,5899125248.0,34.066,1.034,0.498,9934999552.0,Non Undervalued Quality
CTRA,4984000000,0.28043,0.24691999,0.118549995,0.06279,0.66112,0.349,0.235,0.278,3676999936.0,950875008.0,27.957,1.025,0.887,4116999936.0,Non Undervalued Quality
CSX,6537999872,0.35071,0.20548001,0.22589001,0.07007,0.46293,-0.009,-0.196,-0.224,4615000064.0,922249984.0,155.283,0.847,0.67,19811000320.0,Non Undervalued Quality
CMI,8741000192,0.12132,0.079450004,0.22767,0.079050004,0.15597999,-0.016,-0.341,-0.337,3508999936.0,1640249984.0,62.949,1.769,0.931,8245000192.0,Non Undervalued Quality
CVS,52300001280,0.022650002,0.0011999999,0.0057800002,0.02498,0.03766,0.078,,,9109000192.0,6976625152.0,111.821,0.832,0.594,81751998464.0,Non Undervalued Quality
DHR,14462000128,0.2075,0.14435,0.06843,0.040570002,0.31436002,0.044,0.134,0.11,6318000128.0,4013874944.0,35.544,1.519,0.835,18155999232.0,Non Undervalued Quality
DRI,2698700032,0.09879,0.08898,0.50411,0.07475,0.158,0.104,0.261,0.244,1767800064.0,758462528.0,361.727,0.397,0.13,8050599936.0,Non Undervalued Quality
DDOG,2568037888,-0.00656,0.033239998,0.03519,-0.00503,0.0019400001,0.284,-0.337,-0.345,988294016.0,838500736.0,37.199,3.663,3.551,1279316992.0,Non Undervalued Quality
DECK,3024119040,0.2282,0.19364001,0.43312,0.21533,0.25019,0.091,0.144,0.107,1066656000.0,784447232.0,14.22,3.067,2.024,350672000.0,Non Undervalued Quality
DE,12133999616,0.15094,0.11767,0.21399,0.03736,0.19105,-0.086,-0.245,-0.257,8556000256.0,2331249920.0,266.767,2.229,2.003,67396001792.0,Non Undervalued Quality
DAL,13287000064,0.0992,0.07357,0.28514,0.04749,0.1275,0.064,0.102,0.114,7976000000.0,2057874944.0,117.299,0.398,0.262,22077999104.0,Undervalued Quality
DVN,8168999936,0.24194999,0.16424999,0.18586999,0.08022001,0.46333,0.071,-0.162,-0.154,6840999936.0,2007000064.0,56.274,0.957,0.758,8638000128.0,Undervalued Quality
DXCM,2664999936,0.20053,0.15958999,0.30635,0.07017,0.22633,0.216,1.099,1.108,1448099968.0,783387520.0,94.479,1.565,1.346,2575600128.0,Non Undervalued Quality
FANG,10961000448,0.36628,0.28689,0.10901,0.051009998,0.7246,0.42,0.1,0.545,8755999744.0,-2041874944.0,35.66,0.623,0.431,16273000448.0,Undervalued Quality
DLR,3201244928,0.13333,0.23959999,0.05825,0.010650001,0.45591,0.111,0.603,0.325,2462658048.0,2183965440.0,79.248,1.304,1.275,19803467776.0,Non Undervalued Quality
DG,12558825472,0.0555,0.0286,0.15597999,0.03971,0.07266,0.051,0.094,0.1,3158190080.0,1500179584.0,213.026,1.253,0.204,17067933696.0,Undervalued Quality
DLTR,6646600192,0.04879,-0.15799,0.20055,0.0529,0.114379995,0.123,0.479,0.423,3073700096.0,2023337472.0,203.675,1.036,0.191,7342700032.0,Non Undervalued Quality
D,7752999936,0.34504002,0.16790001,0.09204,0.029790001,0.48473,0.149,0.062,0.077,5015000064.0,-9946749952.0,154.315,0.845,0.361,48958001152.0,Non Undervalued Quality
DASH,6497999872,0.08009,0.0683,0.100430004,0.0312,0.08081,0.273,0.459,0.506,2528000000.0,-1816125056.0,34.255,2.045,1.032,3256999936.0,Non Undervalued Quality
DOV,3172892928,0.1869,0.28370002,0.15883,0.069,0.22278999,0.048,-0.126,-0.13,783721984.0,1207432064.0,40.076,2.042,1.362,3071008000.0,Non Undervalued Quality
DHI,7553699840,0.124680005,0.10468,0.14321,0.07882,0.13473,-0.032,-0.224,-0.295,3420900096.0,7372187648.0,24.111,5.005,0.484,5965499904.0,Undervalued Quality
DTE,4634999808,0.18968001,0.093439996,0.11658,0.02826,0.24248,0.214,-0.124,-0.122,3444999936.0,-1633874944.0,207.975,1.152,0.495,25295998976.0,Non Undervalued Quality
DUK,16368000000,0.27125,0.15972,0.09905,0.02854,0.51069,0.048,0.127,0.109,12049000448.0,-1939250048.0,170.344,0.629,0.243,89646997504.0,Non Undervalued Quality
DD,4767000064,0.17773001,-0.060110003,0.03217,0.03462,0.25539,0.073,,,1900000000.0,-1093124992.0,39.673,2.002,0.838,9260000256.0,Non Undervalued Quality
EMN,2062000000,0.09673,0.07746,0.12116,0.049099997,0.18739,-0.106,-0.739,-0.739,1008000000.0,371375008.0,89.235,1.756,0.818,5214000128.0,Undervalued Quality
ETN,10190999552,0.19777,0.14741,0.20653,0.080290005,0.22964,0.101,0.024,0.001,4104000000.0,2322374912.0,59.661,1.28,0.708,11267000320.0,Non Undervalued Quality
EBAY,7676000256,0.21418,0.20366,0.42430001,0.0785,0.25565,0.095,0.054,-0.003,2052999936.0,1598749952.0,151.155,0.925,0.841,7133000192.0,Non Undervalued Quality
ECL,7048600064,0.14715,0.12489,0.21869,0.07754,0.23971,0.178,,,2629199872.0,1397549952.0,103.915,1.697,1.259,7000000000.0,Non Undervalued Quality
EIX,10131000320,0.32557,0.16315001,0.15765001,0.03238,0.40414003,0.106,0.636,0.612,5398000128.0,-1152999936.0,204.02,0.82,0.404,39437000704.0,Undervalued Quality
EW,4600399872,0.27371,0.23249,0.13492,0.07715,0.30395,0.147,-0.903,-0.905,1016800000.0,524500000.0,6.862,4.004,2.982,700300032.0,Non Undervalued Quality
EA,5742000128,0.10875,0.121429995,0.13201,0.06273,0.21500999,-0.092,-0.514,-0.534,1872000000.0,1503500032.0,36.65,0.838,0.721,2199000064.0,Non Undervalued Quality
ELV,51162001408,0.034649998,0.028399998,0.12569,0.04242,0.04581,0.123,0.22,0.17,4912000000.0,5116000256.0,72.823,1.56,1.433,32102000640.0,Undervalued Quality
EMR,9518999552,0.20721,0.12728,0.09363,0.052389998,0.27975,0.051,-0.353,-0.361,3097999872.0,2741250048.0,67.785,0.876,0.603,13758999552.0,Non Undervalued Quality
ENPH,482966016,0.16433,0.12932,0.20305,0.03931,0.18605,0.078,0.517,0.456,256252992.0,141913744.0,123.979,2.042,1.518,1233623040.0,Non Undervalued Quality
ETR,6190900224,0.30055,0.1421,0.11188,0.03134,0.44498003,0.125,0.02,0.076,5312266752.0,-3257634304.0,179.362,0.713,0.423,30448152576.0,Non Undervalued Quality
EOG,14110999552,0.33223,0.24410999,0.18476999,0.09086,0.51910996,-0.024,-0.085,-0.121,10195000320.0,2926749952.0,26.835,1.624,1.29,8127000064.0,Undervalued Quality
EPAM,1532755968,0.10682,0.070149995,0.10207,0.07743,0.13131,0.194,-0.194,-0.217,502303008.0,568759616.0,4.165,3.022,2.852,155216992.0,Non Undervalued Quality
EQT,5974376960,0.34897,0.23097,0.08488,0.040939998,0.67595,0.514,,,4756840960.0,1615665408.0,30.675,0.578,0.474,8217822208.0,Non Undervalued Quality
EFX,3393900032,0.19950001,0.1108,0.13066,0.05905,0.31239,0.072,0.142,0.134,1469699968.0,909025024.0,94.824,0.738,0.607,4813100032.0,Non Undervalued Quality
EQIX,4569999872,0.21851999,0.118,0.077,0.03196,0.42970002,0.066,0.229,0.259,3748000000.0,3821750016.0,147.969,1.34,1.069,20981999616.0,Non Undervalued Quality
EQR,1939968000,0.28955,0.37583,0.10444,0.02558,0.60988,0.046,1.009,1.015,1615955968.0,1397780608.0,76.237,0.165,0.085,8740600832.0,Non Undervalued Quality
ERIE,726780032,0.20115,0.16038,0.30444,0.15170999,0.20159,0.067,0.144,0.144,708558016.0,409099616.0,2.353,1.669,1.551,54325000.0,Non Undervalued Quality
ESS,1316839040,0.33777002,0.44167,0.15987,0.030580001,0.64371,0.062,0.389,0.39,1058545024.0,943816256.0,115.144,0.457,0.125,6714335232.0,Non Undervalued Quality
EG,810000000,0.07728,0.031229999,0.03595,0.00746,0.0,-0.009,-0.484,-0.499,4246000128.0,4658250240.0,23.337,0.408,0.287,3588000000.0,Undervalued Quality
EVRG,3087699968,0.36201,0.1445,0.08454,0.02866,0.46089,-0.001,0.005,0.02,2106800000.0,-477237504.0,142.45,0.516,0.105,14718600192.0,Non Undervalued Quality
ES,7150917120,0.20278,0.102189995,0.0861,0.03143,0.34662,0.051,,,3839645952.0,85625128.0,184.357,0.715,0.306,29836003328.0,Non Undervalued Quality
EXC,10282999808,0.22177,0.116009995,0.10308,0.02853,0.33026,0.09,0.229,0.238,6435999744.0,-1639750016.0,177.601,0.939,0.608,49928998912.0,Non Undervalued Quality
EXE,4656999936,0.29054,0.08043,0.061189998,0.050669998,0.42026,3.193,,,4000999936.0,2199749888.0,27.95,0.81,0.593,5072999936.0,Non Undervalued Quality
EXPE,12924999680,0.25566998,0.096590005,0.53886,0.05079,0.15164,0.087,0.454,0.402,3774000128.0,2561874944.0,250.289,0.744,0.619,6489999872.0,Non Undervalued Quality
EXPD,1528009984,0.0995,0.07571,0.36505002,0.13853,0.10393,-0.035,0.006,-0.032,972918016.0,743463488.0,24.549,1.794,1.58,560360000.0,Non Undervalued Quality
EXR,2563203072,0.46325,0.27735,0.06786,0.033469997,0.66054,0.034,-0.142,-0.141,1890674944.0,880051136.0,94.252,1.46,0.192,13663115264.0,Non Undervalued Quality
XOM,101859000320,0.108710006,0.091809995,0.11424,0.05086,0.18863001,-0.051,-0.083,-0.123,51520000000.0,17195874304.0,15.672,1.137,0.759,42035998720.0,Undervalued Quality
FFIV,2514871040,0.27146998,0.22421,0.20602,0.08299,0.28646,0.085,0.163,0.152,949665984.0,792909248.0,6.424,1.562,1.091,230748992.0,Non Undervalued Quality
FDS,1223965952,0.29707,0.25715,0.29132,0.111899994,0.39022,0.062,0.728,0.716,726259968.0,519179872.0,71.282,1.4,1.2,1558509056.0,Non Undervalued Quality
FAST,3610700032,0.20696,0.15336001,0.32742,0.205,0.22448,0.117,0.115,0.125,1210599936.0,761350016.0,13.283,4.259,1.964,517300000.0,Non Undervalued Quality
FRT,854662976,0.34465,0.27586,0.10516,0.03276,0.63508,0.06,-0.011,0.011,597126016.0,408558016.0,138.76,0.369,0.352,4809176064.0,Non Undervalued Quality
FDX,24315000832,0.0764,0.046529997,0.15004,0.048839998,0.12552,0.139,-0.133,-0.107,7565000192.0,4405250048.0,,1.246,1.144,,Undervalued Quality
FIS,3835000064,0.2385,0.0146200005,0.011829999,0.04289,0.29864,0.057,0.22,0.179,2740999936.0,2390500096.0,94.272,0.532,0.394,13068000256.0,Non Undervalued Quality
FITB,8125000192,0.39780998,0.29674,0.115109995,0.01129,0.0,0.067,0.167,0.133,3484000000.0,,,,,20992000000.0,Non Undervalued Quality
FSLR,2022658944,0.29225,0.27728,0.16864,0.0756,0.39970002,0.797,0.457,0.457,1626208000.0,168763744.0,9.893,1.91,1.382,891915008.0,Non Undervalued Quality
FE,9648000000,0.21263,0.09312,0.11192001,0.03247,0.31344998,0.112,0.045,0.053,3608000000.0,-1898499968.0,193.669,0.747,0.58,27470000128.0,Non Undervalued Quality
FI,12796999680,0.25385,0.17046,0.1354,0.04773,0.4345,0.009,0.49,0.404,6338999808.0,4193125120.0,120.581,1.08,0.237,30318999552.0,Undervalued Quality
F,14323000320,0.03146,0.024820002,0.10295,0.00833,0.051209997,0.094,1.727,1.743,20426000384.0,3968624896.0,346.673,1.121,0.94,164381999104.0,Undervalued Quality
FTNT,5300499968,0.31648,0.28584,2.28043,0.13884,0.33117,0.144,-0.114,-0.122,2448000000.0,1709100032.0,148.116,1.027,0.897,1088800000.0,Non Undervalued Quality
FTV,3739599872,0.15539,0.09621,0.103649996,0.04829,0.2685,0.023,-0.742,-0.752,1219500032.0,1297374976.0,52.244,0.701,0.492,3401900032.0,Non Undervalued Quality
FOXA,5889999872,0.26323998,0.12353,0.17272,0.087299995,0.21621999,0.049,-0.258,-0.276,3036000000.0,2113874944.0,60.136,3.238,2.917,7452000256.0,Undervalued Quality
FOX,5889999872,0.26323998,0.12353,0.17272,0.087299995,0.21621999,0.049,-0.258,-0.276,3036000000.0,2113874944.0,60.136,3.238,2.917,7452000256.0,Non Undervalued Quality
BEN,3280399872,0.17558001,0.05985,0.03818,0.022550002,0.19398001,0.06,,,1066099968.0,688124992.0,23.699,4.097,1.091,3362599936.0,Non Undervalued Quality
FCX,10067999744,0.28055,0.07969,0.14538999,0.07699,0.36773998,0.027,0.278,0.281,6352999936.0,2113374976.0,30.589,2.455,1.046,9297999872.0,Non Undervalued Quality
GRMN,4077967872,0.25795,0.22625999,0.19655001,0.11185,0.28331,0.117,0.005,0.006,1563463936.0,908814848.0,2.342,3.316,2.004,198571008.0,Non Undervalued Quality
IT,4403871232,0.15773,0.1371,1.0925701,0.096920006,0.2034,0.027,-0.912,-0.915,1331175936.0,1072338112.0,512.089,0.878,0.747,2850041088.0,Non Undervalued Quality
GE,14266000384,0.20598,0.18344,0.42131,0.049289998,0.25629,0.238,0.193,0.165,7552999936.0,5170500096.0,115.246,1.077,0.717,21920999424.0,Non Undervalued Quality
GEHC,8261000192,0.14213,0.10945,0.24450001,0.05455,0.17909999,0.058,-0.041,-0.051,1850000000.0,1485250048.0,105.127,1.181,0.853,10744000512.0,Undervalued Quality
GEV,7416000000,0.05738,0.045229997,0.16723,0.024260001,0.07791,0.118,,,3428999936.0,2413625088.0,11.101,1.029,0.65,1080000000.0,Non Undervalued Quality
GEN,3548000000,0.36475,0.12743,0.25027,0.06864,0.43460998,0.253,-0.192,-0.168,1324000000.0,1076625024.0,356.98,0.505,0.391,8771000320.0,Non Undervalued Quality
GNRC,1717074048,0.0925,0.06921,0.11969,0.057550002,0.15716,-0.05,-0.407,-0.418,588172992.0,227941872.0,56.133,2.183,0.855,1487428992.0,Non Undervalued Quality
GD,7895000064,0.10459,0.081829995,0.17782,0.05796,0.12114,0.106,0.158,0.139,5708000256.0,3506500096.0,40.419,1.4,0.783,9875999744.0,Undervalued Quality
GIS,6587899904,0.15602,0.15241,0.30866,0.06216,0.19627,-0.068,1.155,1.077,2691000064.0,2124150016.0,151.352,0.658,0.346,14407000064.0,Undervalued Quality
GM,18886000640,0.056739997,0.01625,0.04442,0.02014,0.08379,-0.003,-0.496,-0.566,24212000768.0,1771624960.0,195.437,1.229,0.979,133683003392.0,Undervalued Quality
GPC,8909689856,0.0643,0.0336,0.16994,0.04434,0.080249995,0.049,0.0,-0.002,665715008.0,259586496.0,133.159,1.137,0.443,6398441984.0,Non Undervalued Quality
GILD,22896001024,0.45231,0.27882,0.40706003,0.12571,0.48599,0.03,1.43,1.436,9667000320.0,8028000256.0,116.243,1.453,1.105,24941000704.0,Non Undervalued Quality
GPN,6289113088,0.3184,0.17365,0.07233,0.0325,0.43515,0.005,1.131,1.016,3499917056.0,2422775808.0,69.198,0.855,0.413,16260109312.0,Undervalued Quality
GL,2026852992,0.34092999,0.19363001,0.22277,0.033069998,0.27290002,0.04,0.375,0.28,1382717056.0,1392902912.0,55.217,0.695,0.552,3141361920.0,Undervalued Quality
GDDY,3096900096,0.23884001,0.17013,3.69454,0.08575,0.2502,0.103,0.144,0.105,1569299968.0,1217712512.0,4217.211,0.569,0.359,3871399936.0,Non Undervalued Quality
GS,47587999744,0.37203997,0.29073998,0.13532,0.009430001,0.0,0.207,0.458,0.371,17888000000.0,,586.142,1.657,1.49,731217985536.0,Undervalued Quality
HAL,3580000000,0.12857,0.05913,0.12788,0.0761,0.1895,-0.017,-0.969,-0.968,3216999936.0,1968625024.0,83.613,1.955,1.207,8567000064.0,Undervalued Quality
HIG,10170999808,0.18916,0.12745,0.20069,0.03482,0.17434,0.07,0.473,0.408,5987999744.0,5641750016.0,23.675,1.796,1.056,4368000000.0,Undervalued Quality
HSIC,4035000064,0.0614,0.03022,0.08347999,0.042329997,0.07814,0.052,0.077,0.02,535000000.0,285124992.0,70.224,1.396,0.597,3440999936.0,Non Undervalued Quality
HSY,4334865920,0.13542,0.118360005,0.31013,0.09329,0.21329,0.065,-0.382,-0.381,2292416000.0,1231904640.0,125.764,1.363,0.66,5740420096.0,Non Undervalued Quality
HPE,9882000384,0.05495,0.03773,0.05356,0.02041,0.14378999,0.185,-0.452,-0.404,2484000000.0,-252500000.0,96.967,0.951,0.512,23725000704.0,Non Undervalued Quality
HOLX,2501100032,0.25479,0.13796,0.11116,0.06825,0.31506002,0.062,0.108,0.049,1057100032.0,801675008.0,49.682,3.754,2.869,2507899904.0,Non Undervalued Quality
HD,55042998272,0.14478,0.08863,1.9395399,0.13713999,0.15512,0.049,-0.004,-0.002,17871998976.0,11005500416.0,580.591,1.147,0.281,61920002048.0,Non Undervalued Quality
HON,15025000448,0.18505,0.1507,0.34616002,0.066589996,0.24042,0.07,0.324,0.292,7485000192.0,5684125184.0,215.247,1.358,0.985,38215000064.0,Non Undervalued Quality
HRL,1973089024,0.08015,0.06257,0.09442,0.048410002,0.1071,0.046,0.031,0.04,930966016.0,358622496.0,35.301,2.469,1.074,2856904960.0,Non Undervalued Quality
HST,1722000000,0.073520005,0.12403,0.109239995,0.039189998,0.26941,0.009,0.966,0.963,1298000000.0,1140625024.0,82.827,1.021,0.97,5642999808.0,Non Undervalued Quality
HWM,2654000128,0.25658,0.18181999,0.30064,0.112840004,0.28149998,0.138,0.173,0.16,1710000000.0,910000000.0,65.176,2.353,0.962,3352000000.0,Non Undervalued Quality
HUBB,1999299968,0.22591,0.15123,0.24991,0.09993,0.23749,0.041,0.141,0.13,1014700032.0,513700000.0,58.21,1.358,0.774,2149700096.0,Non Undervalued Quality
HUM,18890000384,0.02043,0.01022,0.07159,0.045760002,0.03056,0.111,-0.593,-0.594,2044999936.0,1578249984.0,69.686,2.024,1.533,12949000192.0,Undervalued Quality
HBAN,7502000128,0.38561,0.29619,0.10434,0.01091,0.0,0.148,0.242,0.217,2648000000.0,,,,,17927000064.0,Non Undervalued Quality
HII,1504000000,0.06172,0.04737,0.12387,0.039330002,0.08841,0.161,0.439,0.436,937000000.0,505750016.0,58.708,1.139,1.03,2926000128.0,Undervalued Quality
IBM,37808001024,0.1717,0.120900005,0.30156,0.0635,0.27166,0.091,,,13482999808.0,13460625408.0,237.831,0.932,0.775,66568998912.0,Non Undervalued Quality
IEX,1524400000,0.21418,0.13974,0.12197,0.063990004,0.26809,0.101,0.083,0.073,643500032.0,562675008.0,48.121,2.934,1.94,1929699968.0,Non Undervalued Quality
IDXX,2572124928,0.32106,0.24654,0.64633006,0.24065,0.34489,0.133,0.214,0.179,1088070016.0,675227520.0,71.29,1.18,0.737,1112962944.0,Non Undervalued Quality
ITW,6976999936,0.27667,0.19052,0.91683,0.16416,0.28917998,0.023,-0.281,-0.292,3276999936.0,2440999936.0,278.654,1.53,1.011,8942000128.0,Non Undervalued Quality
INCY,2718851072,0.31633,0.24695,0.30389,0.13537,0.27514,0.2,2.907,2.984,1251415040.0,531249760.0,0.887,3.195,2.858,41267000.0,Non Undervalued Quality
IR,3260999936,0.20476,0.07309,0.05382,0.05091,0.26426,0.051,0.13,0.102,1382899968.0,1151687552.0,47.62,2.162,1.362,4852299776.0,Non Undervalued Quality
PODD,1788700032,0.16664,0.097629994,0.19679001,0.08741,0.20259,0.299,0.148,0.13,533600000.0,215337504.0,77.711,2.871,1.883,1075600000.0,Non Undervalued Quality
INTC,17646999552,0.06284,0.0037099998,0.0018600001,-0.00463,0.19531,0.028,,,8574000128.0,-4420874752.0,39.881,1.602,1.057,46553001984.0,Non Undervalued Quality
ICE,9749999616,0.49067003,0.32431,0.114930004,0.02189,0.62267,0.026,0.246,0.242,4893000192.0,3630374912.0,67.954,1.012,0.027,19509000192.0,Non Undervalued Quality
IPG,2092400000,0.16834,0.06245,0.14948,0.05382,0.19606,-0.048,5.8,5.179,915200000.0,1086712448.0,111.662,1.076,0.978,4144900096.0,Non Undervalued Quality
INTU,15139000320,0.15697,0.20546,0.20285,0.08934,0.2969,0.41,-0.185,-0.146,6207000064.0,5013875200.0,,1.36,0.495,,Non Undervalued Quality
ISRG,6380199936,0.30326,0.28577998,0.16902,0.09561,0.35496,0.229,0.25,0.247,2960600064.0,1966412544.0,,4.728,3.49,0.0,Non Undervalued Quality
IVZ,1777400064,0.16514,0.16691,0.06904,0.024430001,0.20030001,0.082,4.5,2.027,1386400000.0,761225024.0,10.983,0.617,0.617,1624600064.0,Non Undervalued Quality
INVH,1571510016,0.27131,0.21805,0.06,0.02407,0.54978,0.065,0.467,0.435,1210387968.0,1083813760.0,85.691,1.544,0.581,8280316928.0,Non Undervalued Quality
IQV,5372000256,0.13976,0.08067001,0.19374001,0.05071,0.18398,0.052,0.245,0.161,2804000000.0,2455624960.0,242.366,0.703,0.621,15239999488.0,Non Undervalued Quality
JBHT,2277251072,0.07948,0.04753,0.15126,0.062800005,0.13003,-0.005,0.181,0.124,1610310016.0,354205888.0,53.131,0.867,0.664,1897753984.0,Non Undervalued Quality
JBL,2646000128,0.05841,0.022049999,0.40381,0.050359998,0.07114,0.185,0.692,0.58,1640000000.0,1279874944.0,246.012,1.0,0.515,3732000000.0,Non Undervalued Quality
JKHY,1053163008,0.28549,0.19865,0.2345,0.12581,0.27239,0.073,0.209,0.208,645198016.0,303682112.0,3.17,1.494,0.874,68886000.0,Non Undervalued Quality
J,2962432000,0.08728,0.04161,0.084230006,0.04778,0.10533,0.051,0.322,0.222,500151008.0,1104204288.0,63.387,1.395,1.354,3004278016.0,Non Undervalued Quality
JNJ,62988001280,0.30200002,0.27259,0.33619,0.08264,0.34642,0.068,0.91,0.912,24203999232.0,12008999936.0,57.766,1.074,0.711,45795000320.0,Non Undervalued Quality
JCI,8592000000,0.12884,0.13947,0.11374,0.04384,0.15651,0.031,1.826,1.675,1399000064.0,2404124928.0,76.27,0.929,0.608,9880000512.0,Non Undervalued Quality
JPM,167228997632,0.43708,0.347,0.16437,0.01323,0.0,0.088,0.16,0.116,-119748001792.0,,,,,1148076032000.0,Undervalued Quality
K,4461000192,0.15031,0.10079,0.32112,0.076409996,0.18082,0.008,-0.162,-0.158,1255000064.0,504000000.0,145.099,0.678,0.382,6232000000.0,Non Undervalued Quality
KVUE,8753000448,0.19288,0.0955,0.13469,0.06858,0.23597,-0.035,0.038,0.039,2136000000.0,1753374976.0,85.659,0.98,0.577,9109000192.0,Non Undervalued Quality
KDP,8856999936,0.23107,0.09781,0.06291,0.041490003,0.2658,0.107,0.083,0.075,2128000000.0,1392375040.0,73.567,0.625,0.298,18630000640.0,Non Undervalued Quality
KEY,5934000128,0.33839,0.18115999,0.058179997,0.0057,0.0,2.026,,,3216999936.0,,,,,12903000064.0,Non Undervalued Quality
KEYS,3270000128,0.18121,0.103760004,0.09982,0.05783,0.22754,0.111,-0.505,-0.509,1543000064.0,421624992.0,48.748,3.592,2.133,2764000000.0,Non Undervalued Quality
KMB,7031000064,0.16699,0.09983,1.3688201,0.11332,0.19824,0.001,-0.502,-0.508,2622000128.0,1400875008.0,500.068,0.773,0.366,7341000192.0,Non Undervalued Quality
KIM,1465453056,0.34331,0.28243,0.056700002,0.02202,0.61215,0.056,0.002,0.013,1101185024.0,845290112.0,78.195,1.587,1.583,8355115008.0,Non Undervalued Quality
KMI,8064000000,0.25639,0.16612,0.08884,0.03926,0.41794997,0.121,0.003,0.005,5735000064.0,906625024.0,102.138,0.631,0.395,32718000128.0,Non Undervalued Quality
KKR,12897487872,0.30958,0.10564,0.07672,0.01387,0.0,0.132,0.406,0.499,5266436096.0,,74.351,1.703,1.654,56062472192.0,Non Undervalued Quality
KLAC,7676810752,0.41661,0.33828998,0.99167997,0.20436001,0.44926998,0.13,0.208,0.185,4248256000.0,2757365760.0,122.127,2.692,1.749,6088118784.0,Non Undervalued Quality
KR,35155001344,0.028900001,0.018550001,0.25049,0.05533,0.0546,0.001,0.422,0.307,6017999872.0,2915749888.0,271.402,0.946,0.425,25177999360.0,Undervalued Quality
LHX,5576000000,0.12882,0.08091,0.091309994,0.04279,0.18753,0.069,0.171,0.155,2272999936.0,2759375104.0,60.629,1.144,0.878,11841999872.0,Non Undervalued Quality
LH,3915599872,0.11314999,0.062129997,0.10135999,0.046269998,0.14264,0.086,0.56,0.542,1803500032.0,1123149952.0,75.557,1.551,1.089,6583300096.0,Non Undervalued Quality
LRCX,9661254656,0.34354,0.29657,0.62261003,0.19507,0.35012,0.277,0.443,0.405,6383756800.0,4278629376.0,43.991,2.207,1.539,4483942912.0,Non Undervalued Quality
LW,1460300032,0.11378,0.04555,0.16219,0.070539996,0.19202,0.003,-0.477,-0.495,890099968.0,471424992.0,223.019,1.489,0.693,3991600128.0,Non Undervalued Quality
LVS,9788000256,0.23627001,0.12687999,0.65651,0.08146,0.34695,0.242,0.619,0.524,2734000128.0,1360249984.0,847.509,0.889,0.835,15822999552.0,Non Undervalued Quality
LDOS,3052999936,0.11971,0.08106,0.2929,0.09491,0.13472,0.067,0.052,0.008,1506000000.0,751374976.0,105.551,1.624,1.321,5229000192.0,Undervalued Quality
LEN,6777273856,0.07971,0.07721,0.10774,0.05899,0.10502,-0.064,-0.462,-0.492,-568169984.0,8794010624.0,24.892,12.742,4.683,5663205888.0,Undervalued Quality
LII,1774899968,0.21340999,0.15741,0.92253995,0.19301,0.21714,-0.048,0.045,0.028,684099968.0,299837504.0,128.035,1.68,0.724,1370099968.0,Non Undervalued Quality
LLY,49335701504,0.48294,0.30986,0.9647,0.17603001,0.48349,0.539,4.804,4.753,16062199808.0,1397924992.0,178.516,1.546,0.724,42577600512.0,Non Undervalued Quality
LIN,16341999616,0.2794,0.21170999,0.17979999,0.06989,0.39249,0.031,0.27,0.245,10129000448.0,3498374912.0,64.673,0.823,0.622,25924999168.0,Non Undervalued Quality
LYV,6177683968,0.09149,0.03659,0.5636,0.04586,0.08876,0.111,-0.561,-0.045,2494169088.0,2466385152.0,473.811,0.921,0.762,9388700672.0,Non Undervalued Quality
LKQ,5505999872,0.08231,0.049439996,0.10882,0.049089998,0.11634,0.013,-0.038,-0.058,968000000.0,285750016.0,83.675,1.596,0.471,5504999936.0,Undervalued Quality
LMT,6053000192,0.11693,0.05726,0.62776,0.06391,0.09894,0.088,0.022,-0.002,6360999936.0,4426500096.0,358.987,1.129,0.926,22189000704.0,Undervalued Quality
L,6682999808,0.16677,0.07949,0.08182,0.01704,0.15942,0.046,0.334,0.257,3603000064.0,2510125056.0,49.123,0.493,0.493,9443000320.0,Undervalued Quality
LULU,6443886080,0.20743,0.16377,0.42422,0.21861,0.27299,0.065,-0.016,-0.056,1911771008.0,1018826496.0,40.178,2.266,0.832,1762717952.0,Undervalued Quality
MTB,9080000512,0.43886003,0.3054,0.09628,0.01311,0.0,0.08,0.199,0.098,4156000000.0,,,,,15466999808.0,Undervalued Quality
MPC,12437999616,0.049689997,0.02158,0.18887,0.03866,0.062080003,-0.008,1.412,1.203,7391000064.0,1757750016.0,143.175,1.315,0.702,34203000832.0,Undervalued Quality
MKTX,520872000,0.40982,0.26157,0.15823,0.113649994,0.50688,0.01,-0.032,-0.046,399755008.0,246013248.0,4.81,7.35,6.181,66872000.0,Non Undervalued Quality
MMC,11626999808,0.19240999,0.15601,0.28734,0.078779995,0.29222,0.115,0.0,0.0,5087000064.0,4722874880.0,139.501,1.123,0.52,21425999872.0,Non Undervalued Quality
MLM,2108999936,0.27898002,0.16688,0.12523,0.060399998,0.33695,0.124,0.157,0.141,1842000000.0,-444750016.0,60.618,2.966,0.902,5903000064.0,Non Undervalued Quality
MA,31473999872,0.598,0.45275003,1.8486099,0.23048,0.62312,0.167,0.229,0.203,17479999488.0,16258499584.0,239.715,1.122,0.72,18983000064.0,Non Undervalued Quality
MKC,2595099904,0.17091,0.11462,0.1385,0.05155,0.1904,0.027,0.011,0.011,878899968.0,481412512.0,75.356,0.713,0.245,4358300160.0,Non Undervalued Quality
MDT,22360999936,0.18687001,0.13626,0.09741,0.045689996,0.2762,0.084,0.013,-0.002,7145999872.0,4464875008.0,59.437,2.014,1.248,28608999424.0,Non Undervalued Quality
MRK,50007998464,0.42539,0.29632,0.39485002,0.12614,0.45562,0.037,0.87,0.832,17064999936.0,13117875200.0,79.708,1.661,1.09,41373999104.0,Undervalued Quality
META,155381006336,0.40075,0.30892,0.32643002,0.18013,0.51937,0.262,-0.826,-0.827,107574001664.0,18617749504.0,26.311,1.978,1.671,51059998720.0,Non Undervalued Quality
MET,17450999808,0.0701,0.053400002,0.12798001,0.0043599997,0.078990005,-0.059,-0.326,-0.332,14627000320.0,-10518124544.0,163.999,1.891,1.626,47872999424.0,Undervalued Quality
MGM,7714406912,0.051620003,0.00403,0.10293,0.02027,0.13387,0.016,,,2545937920.0,726777856.0,913.283,1.235,1.08,31520937984.0,Non Undervalued Quality
MU,14872999936,0.32638,0.22845,0.17198999,0.08055,0.48397,0.46,2.569,2.609,17525000192.0,-891500032.0,28.343,2.518,1.709,15352000512.0,Non Undervalued Quality
MSFT,202037002240,0.48873,0.35707,0.32241002,0.14656,0.56646997,0.184,0.127,0.125,147038994432.0,53327376384.0,33.154,1.401,1.254,120375001088.0,Non Undervalued Quality
MAA,1292546944,0.27229,0.25233,0.09408,0.03294,0.56196,0.006,-0.139,-0.136,1055630016.0,920064512.0,87.122,0.04,0.021,5222152192.0,Non Undervalued Quality
MHK,2692499968,0.06664,0.03927,0.051999997,0.03196,0.12322,0.014,-0.314,-0.328,993600000.0,682712512.0,28.031,2.246,1.034,2338099968.0,Undervalued Quality
MOH,4487000064,0.01249,0.020610001,0.19708,0.052729998,0.03401,0.116,-0.734,-0.758,-461000000.0,-186375008.0,91.911,1.678,1.599,3852000000.0,Undervalued Quality
MDLZ,11690000384,0.10837,0.0938,0.13101,0.03727,0.14920999,0.059,-0.095,-0.129,3576000000.0,1953750016.0,83.621,0.611,0.307,21933000704.0,Non Undervalued Quality
MPWR,1469881984,0.26477,0.7122,0.64029,0.1225,0.27820998,0.189,0.258,0.234,900972992.0,490344384.0,0.528,4.771,3.412,18854000.0,Non Undervalued Quality
MNST,4451307008,0.30738002,0.21654,0.25538,0.16877002,0.31192,0.168,0.395,0.414,2180463104.0,1592852480.0,0.779,3.185,2.629,60323000.0,Non Undervalued Quality
MCO,5532000256,0.46886003,0.29916,0.54914004,0.13188,0.47714,0.107,0.229,0.21,2716999936.0,2067750016.0,181.347,1.84,1.637,7456999936.0,Non Undervalued Quality
MS,59484000256,0.38872,0.23606001,0.15135,0.01245,0.0,0.191,0.489,0.446,-3679000064.0,,420.553,2.266,1.85,467027984384.0,Undervalued Quality
MOS,1861200000,0.11958,0.10334,0.101169996,0.02856,0.19229001,0.228,2.395,2.367,1100199936.0,192387504.0,37.134,1.141,0.328,4803999744.0,Undervalued Quality
MSI,5834999808,0.26554,0.18704,1.1517,0.11384,0.29568002,0.078,0.012,0.0,2651000064.0,1947500032.0,423.891,1.027,0.79,9936000000.0,Non Undervalued Quality
NDAQ,5084000256,0.31614,0.19895001,0.14054,0.048660003,0.36813998,0.029,0.377,0.382,2335000064.0,1804875008.0,79.867,0.986,0.175,9607999488.0,Non Undervalued Quality
NTAP,4613000192,0.19949,0.17768998,1.23004,0.094519995,0.24947001,0.012,-0.017,-0.06,1838000000.0,1428375040.0,281.538,1.313,1.154,2744999936.0,Non Undervalued Quality
NFLX,20858714112,0.28219998,0.24047,0.42861,0.14739999,0.29899,0.172,0.087,0.078,9574524928.0,23363989504.0,65.822,1.332,1.132,17083538432.0,Non Undervalued Quality
NEM,12750999552,0.4685,0.33423,0.22875999,0.10552,0.56964,0.2,1.081,0.987,9223999488.0,9337749504.0,16.914,2.039,1.379,5650999808.0,Non Undervalued Quality
NWSA,4808000000,0.10448,0.138,0.070250005,0.03738,0.13506,0.023,-0.052,-0.059,1148999936.0,671124992.0,31.439,1.763,1.524,2927000064.0,Non Undervalued Quality
NWS,4808000000,0.10448,0.138,0.070250005,0.03738,0.13506,0.023,-0.052,-0.059,1148999936.0,671124992.0,31.439,1.763,1.524,2927000064.0,Non Undervalued Quality
NEE,16314999808,0.30768,0.24729,0.08236,0.02447,0.54949003,0.053,0.311,0.316,11966999552.0,-13650499584.0,144.161,0.553,0.357,93122002944.0,Non Undervalued Quality
NKE,19476000768,0.0791,0.062340003,0.21122,0.05685,0.09037,0.011,-0.3,-0.308,3526000128.0,3629374976.0,82.128,2.19,1.241,11061000192.0,Non Undervalued Quality
NI,3215500032,0.22873,0.14155,0.09073,0.03312,0.43550998,0.183,0.057,0.105,2189499904.0,-857825024.0,140.579,0.523,0.237,15803599872.0,Non Undervalued Quality
NDSN,1519140992,0.26538,0.16341999,0.15594,0.0769,0.3013,0.121,0.088,0.072,612644992.0,364837504.0,74.482,1.694,0.941,2220894976.0,Non Undervalued Quality
NSC,5678000128,0.36578,0.24219,0.2048,0.061139997,0.46427,0.017,-0.349,-0.353,4248999936.0,1376499968.0,116.353,0.862,0.715,17617000448.0,Non Undervalued Quality
NTRS,7932899840,0.30332002,0.21761,0.13432,0.01059,0.0,0.042,0.032,-0.016,2510299904.0,,,,,16655500288.0,Non Undervalued Quality
NOC,7949000192,0.13221,0.09819999,0.26152,0.06529,0.1607,0.043,0.096,0.072,3438000128.0,2280375040.0,109.401,1.109,0.924,17490999296.0,Undervalued Quality
NCLH,4069335040,0.25507998,0.06846,0.39870998,0.04729,0.26235,0.047,-0.096,-0.117,2029891968.0,-1316698496.0,699.717,0.195,0.078,15345382400.0,Non Undervalued Quality
NRG,6477000192,0.05527,0.04839,0.64186996,0.06809,0.12244,0.057,,,2742000128.0,1836625024.0,615.076,1.053,0.527,12117000192.0,Non Undervalued Quality
NUE,3660999936,0.10421,0.05185,0.09014,0.045539998,0.12474,0.145,1.505,1.429,3168000000.0,-791636992.0,31.248,2.774,1.417,6853000192.0,Undervalued Quality
NVDA,115399999488,0.60842997,0.52414,1.09417,0.53094,0.59486,0.556,0.612,0.592,77035003904.0,52436750336.0,10.584,4.214,3.488,10597999616.0,Non Undervalued Quality
NVR,2505075968,0.17104,0.13545,0.348,0.18898001,0.18104,-0.049,-0.139,-0.202,1318642048.0,1327048448.0,27.023,6.389,2.826,1071937984.0,Undervalued Quality
NXPI,6672999936,0.28238,0.17111,0.20872,0.07891,0.33176,-0.024,-0.111,-0.121,2320000000.0,1663374976.0,117.34,2.375,1.409,12234999808.0,Non Undervalued Quality
OXY,16912000000,0.17723,0.08169,0.05955,0.03299,0.47716,-0.077,-0.334,-0.255,11253999616.0,12070124544.0,62.221,0.935,0.636,22876000256.0,Non Undervalued Quality
ODFL,2190703104,0.25655,0.18967,0.25059,0.15888,0.3142,-0.043,-0.105,-0.122,1460898944.0,742697600.0,1.994,1.204,1.064,84993000.0,Non Undervalued Quality
OMC,2987099904,0.15593,0.08307,0.27007,0.051170003,0.16069001,0.04,-0.103,-0.116,1825799936.0,1739887488.0,128.056,0.924,0.729,7066500096.0,Undervalued Quality
ON,2488000000,0.18505,0.051570002,0.03891,0.05668,0.30043,-0.12,-0.326,-0.365,1784999936.0,1271750016.0,45.833,5.231,3.189,3632800000.0,Non Undervalued Quality
OKE,10090999808,0.18160999,0.105790004,0.17847,0.062750004,0.23372,0.719,0.262,0.355,5664000000.0,1428625024.0,152.218,0.904,0.659,33727000576.0,Undervalued Quality
ORCL,41113001984,0.31381,0.21079999,0.69241995,0.07152,0.4145,0.122,-0.019,-0.001,21533999104.0,-2832250112.0,452.534,0.618,0.498,111621996544.0,Non Undervalued Quality
PCAR,4393099776,0.099209994,0.091120005,0.14151,0.049569998,0.12946999,-0.19,-0.395,-0.393,4717199872.0,539500032.0,82.453,5.69,5.04,15969899520.0,Undervalued Quality
PKG,1931900032,0.15683,0.10185,0.19811001,0.08185001,0.21121,0.06,-0.049,-0.047,1436300032.0,368400000.0,91.618,3.158,1.932,4356899840.0,Non Undervalued Quality
PLTR,3148419072,0.33296,0.28114,0.19504,0.07651,0.22478001,0.628,2.0,2.314,1817505024.0,1180160000.0,3.52,6.427,6.306,235436000.0,Non Undervalued Quality
PANW,6769900032,0.13528,0.122959994,0.17452998,0.030669998,0.14417,0.158,-0.277,-0.29,3716000000.0,3386425088.0,5.335,0.942,0.824,417400000.0,Non Undervalued Quality
PSKY,9107000320,0.10012,-0.00947,0.01279,0.03009,0.093219995,-0.004,,,600000000.0,15016500224.0,111.017,1.336,0.968,14732999680.0,Non Undervalued Quality
PH,7450999808,0.21086,0.18178,0.27294,0.08911,0.25996,0.037,0.178,0.158,3814000128.0,3098715904.0,74.953,1.066,0.555,10332999680.0,Non Undervalued Quality
PAYX,4219000064,0.36727002,0.27855,0.41266,0.108100004,0.45363998,0.168,-0.102,-0.102,2073200000.0,1686925056.0,126.47,1.268,0.515,5021599744.0,Non Undervalued Quality
PAYC,1736999936,0.22826,0.22645001,0.28557,0.07124,0.26208,0.092,0.496,0.51,643200000.0,370201504.0,4.943,1.223,0.242,84500000.0,Non Undervalued Quality
PYPL,13656999936,0.19198999,0.14963001,0.24358,0.047,0.20142001,0.073,0.313,0.236,6425999872.0,3125625088.0,60.239,1.34,0.264,12167000064.0,Undervalued Quality
PNR,1668999936,0.23982,0.15844,0.17966999,0.091120005,0.26174998,0.029,0.333,0.32,850499968.0,663275008.0,44.76,1.462,0.72,1692999936.0,Non Undervalued Quality
PEP,50126000128,0.16903,0.078200005,0.37162,0.08365,0.18422002,0.027,-0.108,-0.112,11754999808.0,7137500160.0,260.19,0.912,0.676,50849001472.0,Non Undervalued Quality
PFE,46968000512,0.35277,0.15654999,0.105979994,0.05189,0.38957,-0.059,-0.213,-0.207,13077000192.0,14300749824.0,66.531,1.282,0.904,61937999872.0,Undervalued Quality
PCG,9420000256,0.21312,0.10492,0.0876,0.02394,0.38519,0.052,0.378,0.429,8688000000.0,-3355624960.0,185.52,0.941,0.409,59792998400.0,Undervalued Quality
PSX,14243000320,0.04395,0.011410001,0.056199998,0.02456,0.03993,-0.029,-0.61,-0.616,3408000000.0,162437504.0,77.483,1.227,0.69,21755000832.0,Non Undervalued Quality
PNW,2184401920,0.32109,0.11198,0.087749995,0.02342,0.38232,0.029,0.006,0.046,1767806976.0,-451426880.0,197.565,0.675,0.352,14246593536.0,Non Undervalued Quality
PNC,21799000064,0.39788,0.29937,0.11486,0.01163,0.0,0.108,0.246,0.213,5426999808.0,,,,,64076001280.0,Undervalued Quality
POOL,1566956032,0.122650005,0.07784,0.29307,0.10717,0.12033,0.013,0.04,0.01,456310016.0,293777248.0,100.725,2.57,0.795,1389896960.0,Non Undervalued Quality
PPG,6520999936,0.1416,0.06348,0.1616,0.06034,0.16806999,0.012,-0.001,-0.032,1400000000.0,930499968.0,99.56,1.465,1.004,7920999936.0,Undervalued Quality
PPL,3798000128,0.26619,0.12162,0.076620005,0.030079998,0.38089,0.084,0.489,0.486,2592000000.0,-1277124992.0,132.089,0.774,0.546,19037999104.0,Non Undervalued Quality
PFG,7361500160,0.06856,0.099580005,0.13767,0.00368,0.13768,0.222,,,4252000000.0,1430724992.0,34.137,1.557,0.375,4140100096.0,Undervalued Quality
PG,43553001472,0.2758,0.19739,0.31902,0.10746,0.29108,0.03,0.214,0.2,18922999808.0,12200999936.0,67.125,0.714,0.465,35946000384.0,Non Undervalued Quality
PGR,15249999872,0.15079,0.12579,0.34223998,0.076009996,0.16548,0.142,0.121,0.12,17386000384.0,15078200320.0,19.455,0.297,0.231,6896000000.0,Undervalued Quality
PLD,6925029888,0.42720002,0.35243,0.05963,0.0247,0.709,0.087,-0.243,-0.24,5185649152.0,4712527872.0,62.789,0.767,0.565,35922907136.0,Non Undervalued Quality
PRU,16129999872,0.09917,0.04538,0.085,0.0026699998,0.06103,-0.083,2.234,2.194,5273999872.0,-9646874624.0,148.723,0.841,0.732,51777998848.0,Undervalued Quality
PEG,4167000064,0.2703,0.17768,0.12579,0.03364,0.37839,0.221,0.192,0.196,2944000000.0,-380875008.0,138.209,0.934,0.515,23508000768.0,Non Undervalued Quality
PTC,2294243072,0.49787998,0.27053,0.21029,0.09678,0.4051,0.427,1.803,1.804,867696000.0,,35.736,,,1369867008.0,Non Undervalued Quality
PSA,3486128128,0.46947,0.39453998,0.19933,0.07022,0.70475996,0.031,0.213,0.188,3221481984.0,2303450112.0,106.758,0.269,0.205,10042821632.0,Non Undervalued Quality
PHM,4785011200,0.17336,0.14926,0.21569,0.122279994,0.19886999,-0.016,-0.116,-0.161,1667731968.0,985862400.0,16.939,6.449,0.601,2172651008.0,Undervalued Quality
PWR,4121411072,0.07105,0.03744,0.13369,0.047859997,0.09056,0.175,0.149,0.158,1814419968.0,708255488.0,71.612,1.344,1.211,6018079744.0,Non Undervalued Quality
QCOM,24546000896,0.26235,0.12512,0.2334,0.14713,0.31605,0.1,,,14012000256.0,6856249856.0,73.767,2.816,1.582,15642999808.0,Non Undervalued Quality
DGX,3628999936,0.14915,0.08931,0.14353,0.0612,0.19733,0.132,0.085,0.084,1884999936.0,1000875008.0,86.524,1.128,0.886,6382000128.0,Non Undervalued Quality
RL,5240099840,0.14074999,0.112840004,0.34005,0.09596,0.17276,0.165,0.437,0.403,1089900032.0,512962496.0,111.231,2.04,1.271,2872199936.0,Non Undervalued Quality
RJF,13054999552,0.20425,0.1522,0.17844999,,0.0,0.074,0.034,0.003,,,36.906,,,4525000192.0,Undervalued Quality
RTX,17307000832,0.12399,0.07666,0.10702,0.03787,0.16819,0.119,0.294,0.303,7962999808.0,4316125184.0,61.315,1.073,0.665,40709001216.0,Non Undervalued Quality
O,5197760000,0.44514,0.17135,0.02488,0.02268,0.89980006,0.103,0.152,0.172,3763282944.0,2043045248.0,73.977,1.362,0.833,29043648512.0,Non Undervalued Quality
REG,1126942976,0.39363,0.26093,0.0602,0.03056,0.63123,0.077,0.074,0.078,815129024.0,606015488.0,73.101,0.88,0.723,5160961024.0,Non Undervalued Quality
REGN,6530100224,0.29563,0.32131,0.15188,0.06157,0.30517,0.009,0.18,0.089,5071000064.0,3511000064.0,8.739,4.063,3.193,2705499904.0,Undervalued Quality
RF,6944999936,0.46976003,0.31044,0.11401,0.01359,0.0,0.156,,0.228,2280000000.0,,,,,,Undervalued Quality
RSG,7139999744,0.19919,0.12768,0.18249,0.06343,0.31269,0.033,-0.022,-0.028,4336999936.0,1969500032.0,113.763,0.583,0.51,13505999872.0,Non Undervalued Quality
RMD,3190838016,0.34618,0.2735,0.25413,0.14185001,0.36870998,0.091,0.123,0.119,1883371008.0,1379738112.0,13.826,2.888,1.866,846352000.0,Non Undervalued Quality
RVTY,1554396032,0.13788,0.08441,0.0304,0.02093,0.29303,0.022,-0.474,-0.506,575203008.0,527812640.0,45.676,1.753,1.318,3369001984.0,Non Undervalued Quality
ROK,4016000000,0.19819,0.104169995,0.20281,0.07238,0.19479999,0.138,-0.417,-0.423,1544000000.0,-419900000.0,95.742,2.368,1.558,3552999936.0,Non Undervalued Quality
ROL,1945399040,0.22037001,0.14019,0.36208,0.14887,0.22893,0.12,0.205,0.194,701521024.0,605310528.0,59.534,0.773,0.575,912081984.0,Non Undervalued Quality
ROP,5324400128,0.28401,0.20337,0.081549995,0.041050002,0.39513,0.143,0.082,0.083,2524499968.0,2175612416.0,47.288,0.577,0.459,9454100480.0,Non Undervalued Quality
ROST,7018286080,0.115439996,0.09596,0.37979,0.11054,0.14194,0.046,-0.019,-0.036,2474022912.0,1208986752.0,88.407,1.577,0.924,5067982848.0,Non Undervalued Quality
RCL,8768000000,0.33139,0.23318,0.46677,0.07463,0.36033002,0.052,0.363,0.418,6309000192.0,633249984.0,203.878,0.165,0.069,20974999552.0,Non Undervalued Quality
SPGI,10481999872,0.44316003,0.28091,0.119940005,0.06626,0.50286,0.088,0.241,0.211,5642999808.0,4847499776.0,31.784,0.974,0.78,11982000128.0,Non Undervalued Quality
CRM,30673000448,0.22820999,0.16868,0.11201999,0.055209998,0.2891,0.098,0.333,0.32,13169000448.0,13898874880.0,19.255,1.124,0.931,11809000448.0,Non Undervalued Quality
SLB,6805000192,0.15479,0.10341,0.15182,0.0686,0.21789,-0.025,-0.398,-0.377,5873999872.0,2153999872.0,47.459,1.387,0.904,12776999936.0,Undervalued Quality
SRE,5666999808,0.14503,0.15754,0.0677,0.01845,0.40427,0.135,-0.882,-0.854,4741000192.0,-23343874048.0,81.287,1.587,0.085,32693000192.0,Non Undervalued Quality
NOW,9886999552,0.16789,0.13665,0.16813,0.056500003,0.19721001,0.218,0.159,0.162,4840999936.0,3909874944.0,21.255,1.063,0.885,2401999872.0,Non Undervalued Quality
SHW,11376100352,0.18197,0.110489994,0.59939,0.09191,0.18653,0.032,0.053,0.033,3293600000.0,1919149952.0,325.153,0.822,0.46,14389000192.0,Non Undervalued Quality
SPG,5046910976,0.50757,0.36498,0.82455003,0.058319997,0.73919,0.082,0.274,0.275,4018359040.0,2034491136.0,884.863,0.592,0.592,26320562176.0,Non Undervalued Quality
SWKS,1682099968,0.10235,0.116739996,0.0789,0.03948,0.23849002,0.073,1.545,1.337,1300800000.0,1055275008.0,20.898,2.325,1.491,1203100032.0,Non Undervalued Quality
SW,5875999744,0.07672,0.02402,0.04099,0.02747,0.14317,0.043,,,2977999872.0,1226499968.0,76.445,1.482,0.776,14110999552.0,Undervalued Quality
SNA,2650400000,0.25257,0.19827999,0.18330999,0.10019,0.27251,0.036,0.068,0.057,1107100032.0,699225024.0,22.27,4.399,3.222,1301400064.0,Non Undervalued Quality
SOLV,4570999808,0.07824,0.18139,0.37271,0.03208,0.14985,0.007,9.314,9.377,493000000.0,587750016.0,103.028,1.5,0.959,5136999936.0,Undervalued Quality
SO,14174000128,0.36558998,0.15422,0.11429,0.03457,0.47774,0.075,0.108,0.115,9377999872.0,-2364624896.0,192.679,0.755,0.433,73745997824.0,Non Undervalued Quality
LUV,5933000192,0.00504,0.0137600005,0.04168,0.00712,0.061160002,0.012,-0.091,-0.194,2023000064.0,-13625000.0,67.618,0.491,0.376,5257999872.0,Non Undervalued Quality
SWK,4528399872,0.09042,0.02892,0.04918,0.02863,0.098400004,0.001,-0.434,-0.436,694600000.0,493750016.0,78.538,1.109,0.288,7050599936.0,Non Undervalued Quality
STT,13626000384,0.32749,0.21877001,0.111499995,0.0084,0.0,0.094,0.23,0.179,-5574000128.0,,,,,54206001152.0,Undervalued Quality
STLD,2304625920,0.10516,0.0639,0.12550999,0.05547,0.10967,0.112,0.337,0.27,1523693952.0,-151584752.0,42.166,3.107,1.294,3782455040.0,Undervalued Quality
STE,2538195968,0.18372999,0.12073,0.101339996,0.06434,0.27238,0.099,0.286,0.279,1301387008.0,968027264.0,29.314,2.37,1.425,2058599936.0,Non Undervalued Quality
SYK,15859000320,0.22272,0.12071,0.14036,0.07497,0.27037,0.102,0.028,0.03,4832000000.0,3544375040.0,78.646,1.849,0.942,17132999680.0,Non Undervalued Quality
SMCI,2121714944,0.03632,0.03766,0.12787,0.04587,0.0469,-0.155,-0.616,-0.603,333096992.0,-1515875.0,79.184,5.394,2.87,5165600768.0,Non Undervalued Quality
SYF,9644999680,0.53381,0.37066,0.21636999,0.030269999,0.0,0.207,0.474,0.365,9749999616.0,,,,,14430999552.0,Undervalued Quality
SNPS,5220850176,0.095,0.31042,0.065019995,0.02305,0.20376,0.14,-0.427,-0.406,1441688064.0,2632420608.0,54.828,1.625,1.396,15140314112.0,Non Undervalued Quality
SYY,15116999680,0.041750003,0.02211,0.8346,0.08311,0.054390002,0.032,0.0,-0.029,2543000064.0,1612000000.0,690.715,1.148,0.615,14581000192.0,Non Undervalued Quality
TMUS,54748999680,0.2223,0.13826999,0.19034,0.05743,0.37931,0.089,-0.077,-0.113,26844999680.0,7874874880.0,200.622,0.893,0.566,121329999872.0,Non Undervalued Quality
TROW,3702599936,0.35474,0.28892002,0.1867,0.10049,0.38909,0.06,0.087,0.071,1490200064.0,923412480.0,4.09,3.81,3.81,489500000.0,Undervalued Quality
TPR,5454499840,0.21213,0.03765,0.16053,0.09236,0.22804001,0.131,0.62,0.473,1209699968.0,867637504.0,1051.139,1.525,0.788,4199300096.0,Non Undervalued Quality
TRGP,6255300096,0.2016,0.09949,0.4985,0.08448,0.26632,0.078,0.257,0.235,3739800064.0,-48325000.0,615.121,0.773,0.52,17431300096.0,Non Undervalued Quality
TGT,29404000256,0.05434,0.03718,0.26319,0.06138,0.082049996,-0.009,-0.202,-0.216,6385999872.0,2594874880.0,132.309,0.99,0.226,20401999872.0,Undervalued Quality
TEL,6079000064,0.19773,0.106709994,0.14618,0.08783,0.24365999,0.167,1.453,1.402,4139000064.0,2103874944.0,50.102,1.556,0.91,6377999872.0,Non Undervalued Quality
TDY,2566299904,0.18545,0.13616,0.08127,0.04685,0.24138,0.067,-0.161,-0.158,1144700032.0,664387520.0,23.989,1.787,1.031,2533400064.0,Non Undervalued Quality
TER,1684942976,0.18892,0.15495,0.15767999,0.08334,0.22343999,0.043,-0.157,-0.179,675332992.0,322310016.0,9.89,1.759,0.896,268751008.0,Non Undervalued Quality
TSLA,16263999488,0.06628,0.05314,0.06791,0.0235,0.1126,0.116,-0.371,-0.368,15747999744.0,2979249920.0,17.082,2.066,1.486,13788000256.0,Non Undervalued Quality
TXN,9925000192,0.36736,0.29208001,0.29757,0.10697,0.45262,0.142,0.007,0.001,6896999936.0,-684249984.0,84.477,4.45,2.806,14046000128.0,Non Undervalued Quality
TPL,727033024,0.73521006,0.61676997,0.3937,0.27351,0.83241,0.17,0.138,0.137,558814016.0,92442376.0,1.292,10.857,9.714,17668000.0,Non Undervalued Quality
TXT,2534000128,0.09495,0.05809,0.11465,0.043670002,0.11056,0.051,0.105,0.049,1058000000.0,727500032.0,55.332,1.838,0.693,4145999872.0,Undervalued Quality
TMO,18101999616,0.19277,0.15022,0.13116999,0.04942,0.24774,0.049,0.005,-0.009,7650999808.0,4696750080.0,69.75,1.498,0.946,35680002048.0,Non Undervalued Quality
TJX,17710000128,0.11249,0.08587,0.59755003,0.1276,0.13215,0.069,0.146,0.131,5935000064.0,3101874944.0,147.992,1.174,0.473,13121000448.0,Non Undervalued Quality
TKO,2370099968,0.15632,0.08989,0.08129,0.03032,0.41373003,-0.273,0.65,0.772,1029259008.0,542332032.0,42.785,1.456,0.982,4042915072.0,Non Undervalued Quality
TTD,2199265024,0.21802999,0.15717,0.16783,0.05764,0.22207001,0.177,0.211,0.227,880532992.0,543604096.0,14.456,1.71,1.644,375976992.0,Non Undervalued Quality
TSCO,5614259200,0.09215,0.07176,0.45459,0.090100005,0.12821001,0.072,0.088,0.074,1827650048.0,812693632.0,222.382,1.301,0.066,5722306048.0,Non Undervalued Quality
TT,7667100160,0.20219,0.13926,0.3721,0.114209995,0.19984,0.055,0.114,0.098,2935500032.0,1928337536.0,55.305,1.205,0.796,4615900160.0,Non Undervalued Quality
TRV,13745000448,0.19687,0.121350005,0.19809,0.034560002,0.17302,0.048,0.52,0.498,9985000448.0,14582375424.0,29.318,0.338,0.205,9267000320.0,Undervalued Quality
TRMB,2530599936,0.18364,0.099309996,0.06131,0.03812,0.21606001,0.029,1.875,1.746,341000000.0,567412480.0,24.038,1.004,0.619,1391800064.0,Non Undervalued Quality
TFC,18279999488,0.39318,0.28605,0.07982,0.00982,0.0,0.025,0.048,0.007,3932000000.0,,,,,74205003776.0,Undervalued Quality
TYL,1058536000,0.16434999,0.13719,0.091680005,0.045840003,0.20062,0.097,0.109,0.112,634433984.0,474560640.0,17.86,1.028,0.976,643448000.0,Non Undervalued Quality
TSN,3644000000,-0.0049799997,0.00871,0.0276,0.025710002,0.05195,0.022,-0.87,-0.868,2155000064.0,1187500032.0,53.19,1.552,0.587,9694999552.0,Non Undervalued Quality
USB,26012999680,0.39486,0.27632,0.1172,0.01044,0.0,0.072,0.185,0.167,9900000256.0,,,,,81114996736.0,Undervalued Quality
UBER,16942000128,0.082650006,0.33542,0.72994006,0.051609997,0.10665,0.204,1.585,1.537,8965999616.0,6787375104.0,45.755,1.154,0.98,13340000256.0,Non Undervalued Quality
UDR,1163517056,0.20661,0.08595,0.03649,0.02016,0.58566004,0.066,0.976,0.788,882016000.0,912611904.0,144.858,0.159,0.002,6013664768.0,Non Undervalued Quality
ULTA,4990546944,0.12367,0.10308,0.48521,0.15983,0.15970999,0.093,0.091,0.033,1296269056.0,845920768.0,87.863,1.395,0.212,2287826944.0,Non Undervalued Quality
UNP,13781000192,0.41030997,0.2873,0.41619,0.09198,0.50803,0.025,0.095,0.07,9726999552.0,4491375104.0,189.829,0.748,0.527,32847998976.0,Non Undervalued Quality
UAL,20073000960,0.0888,0.05643,0.25588,0.04435,0.13843,0.026,0.0,-0.017,9368999936.0,2282625024.0,218.897,0.667,0.581,31321999360.0,Undervalued Quality
UPS,19409999872,0.10175,0.061490003,0.33618,0.07276,0.13161,-0.037,-0.141,-0.148,8463000064.0,3293125120.0,184.32,1.305,1.174,29211000832.0,Undervalued Quality
URI,6232000000,0.26484,0.15826,0.28781,0.08681,0.28193,0.059,0.02,-0.01,4982000128.0,1980625024.0,169.022,0.898,0.734,15212000256.0,Non Undervalued Quality
UNH,85731000320,0.03813,0.04042,0.17476,0.05361,0.0672,0.122,-0.602,-0.612,20957999104.0,17768749056.0,75.734,0.823,0.745,80136003584.0,Undervalued Quality
UHS,7405018112,0.11605,0.08093,0.20028,0.08218,0.15034,0.134,0.542,0.442,1948141056.0,839419520.0,70.037,1.031,0.854,5110921216.0,Undervalued Quality
VLO,7184000000,0.05527,0.01283,0.052389998,0.03586,0.05365,-0.032,2.096,2.008,4839000064.0,3453750016.0,39.561,1.596,1.002,10581000192.0,Non Undervalued Quality
VTR,2320468992,0.15584,0.042930003,0.021559998,0.021370001,0.38077998,0.218,2.016,2.432,1548704000.0,1068934720.0,100.11,0.524,0.411,12787722240.0,Non Undervalued Quality
VLTO,3272000000,0.23219,0.16746001,0.37978,0.11594,0.24725,0.068,0.08,0.091,1051000000.0,856750016.0,100.772,1.568,1.301,2870000128.0,Non Undervalued Quality
VRSK,2109200000,0.45529,0.30418,2.68133,0.15722,0.49173,0.059,0.045,0.025,1348099968.0,901662528.0,1295.046,1.193,1.143,4888800256.0,Non Undervalued Quality
VZ,81690001408,0.23932,0.14428,0.19875,0.05175,0.36507,0.015,0.5,0.497,38455001088.0,15382375424.0,164.799,0.739,0.574,175255994368.0,Undervalued Quality
VRTX,6180100096,0.40268,0.31349,0.22307,0.12039,0.40192002,0.11,0.047,0.036,3718000128.0,2913550080.0,10.594,2.362,1.84,1834800000.0,Non Undervalued Quality
VICI,3932268032,0.97673,0.70175004,0.10357001,0.05009,0.92427003,0.044,0.014,0.04,2462144000.0,1279214592.0,62.925,37.05,37.048,17680156672.0,Non Undervalued Quality
V,39105998848,0.6575,0.50145,0.52068,0.17261,0.7007,0.115,0.12,-0.043,23058999296.0,20072873984.0,68.807,1.078,0.757,26083999744.0,Non Undervalued Quality
VST,5984000000,0.21042,0.06701,0.1731,0.03592,0.30283,-0.209,-0.667,-0.655,3991000064.0,1847000064.0,335.784,0.995,0.35,17538000896.0,Non Undervalued Quality
VMC,2224900096,0.23622,0.14189,0.13520999,0.06404,0.29588,0.144,0.808,0.806,1710099968.0,931337472.0,56.296,2.231,1.353,4929900032.0,Non Undervalued Quality
WRB,6425862144,0.17723,0.13007,0.20887,0.03825,0.17996,0.108,0.407,0.398,3397517056.0,3519085568.0,31.481,0.399,0.243,3086693120.0,Non Undervalued Quality
GWW,6938999808,0.15180999,0.09746,0.46719003,0.18964,0.16771999,0.061,-0.38,-0.395,2048000000.0,1084375040.0,68.67,2.717,1.461,2720000000.0,Non Undervalued Quality
WAB,3687000064,0.18468,0.10941,0.11147001,0.05862,0.21558,0.084,0.11,0.095,1490000000.0,1084999936.0,51.131,1.424,0.664,5672999936.0,Non Undervalued Quality
WMT,172666994688,0.04389,0.03079,0.23375,0.06994,0.06186,0.048,0.573,0.561,38437998592.0,8344999936.0,68.719,0.792,0.193,66559000576.0,Non Undervalued Quality
DIS,35556999168,0.15696,0.12219,0.1146,0.04524,0.20618,0.021,1.042,1.008,19145000960.0,7444250112.0,37.152,0.722,0.569,42262999040.0,Undervalued Quality
WBD,16842999808,0.087340005,0.01281,0.00969,0.01055,0.2049,-0.06,,,5230000128.0,17222625280.0,89.857,1.074,0.628,33521000448.0,Non Undervalued Quality
WM,9912000512,0.18872999,0.10345,0.29328,0.07051,0.29362,0.149,-0.207,-0.207,5856000000.0,1471250048.0,245.399,0.843,0.731,23362000896.0,Non Undervalued Quality
WAT,1831164032,0.27392998,0.20891,0.32987,0.11534,0.34366,0.08,-0.077,-0.078,728140992.0,450262752.0,66.042,1.534,0.965,1539230976.0,Non Undervalued Quality
WEC,4142799872,0.22163,0.17748,0.12807,0.03056,0.39479,0.129,0.093,0.13,3536600064.0,-1426525056.0,151.448,0.498,0.261,21219100672.0,Non Undervalued Quality
WFC,79072002048,0.33717,0.26629,0.115200005,0.01064,0.0,0.075,0.169,0.093,-14218000384.0,,,,,424136998912.0,Undervalued Quality
WELL,3946681088,0.19906001,0.09693,0.0275,0.02001,0.3787,0.306,-0.437,-0.376,2786560000.0,-3164177664.0,46.211,6.991,4.094,18166784000.0,Non Undervalued Quality
WST,1073699968,0.21849,0.16293,0.16945,0.10222,0.26555002,0.077,0.038,0.029,693800000.0,251187504.0,9.93,2.87,2.016,303000000.0,Non Undervalued Quality
WDC,4112999936,0.15403,0.25459,0.29707,0.0828,0.28995,,,,2328999936.0,4158874880.0,,1.213,0.844,,Non Undervalued Quality
WY,1168000000,0.02854,0.0468,0.03419,0.019270001,0.14423001,0.021,1.859,1.857,894000000.0,-15875000.0,58.233,1.227,0.58,5496000000.0,Non Undervalued Quality
WSM,3613623040,0.17861,0.14390999,0.51219004,0.17455,0.21553,0.027,0.198,0.142,1288616960.0,808696512.0,64.858,1.503,0.624,1394247040.0,Non Undervalued Quality
WMB,7090999808,0.39554,0.20462999,0.16902,0.04537,0.5436,0.083,-0.085,-0.084,5539999744.0,485000000.0,188.338,0.422,0.254,27986999296.0,Non Undervalued Quality
WTW,4203000064,0.18881,0.21576001,0.27633,0.05075,0.26838,-0.0,,,1603000064.0,1958125056.0,75.685,1.104,0.327,5911000064.0,Non Undervalued Quality
WDAY,6770999808,0.10604999,0.06507,0.06656,0.02815,0.12356,0.126,0.714,0.727,2591000064.0,2457999872.0,41.169,2.105,1.993,3776000000.0,Non Undervalued Quality
XEL,6407000064,0.26615998,0.13459,0.09449001,0.02236,0.40013,0.074,-0.272,-0.232,4537999872.0,-5284624896.0,167.891,0.795,0.478,35561000960.0,Non Undervalued Quality
XYL,3400000000,0.15653,0.10659,0.08555,0.047989998,0.20846,0.078,0.045,0.046,1272999936.0,960000000.0,18.253,1.957,1.32,2088999936.0,Non Undervalued Quality
ZBRA,2543000064,0.14621,0.09743,0.14286,0.06394,0.18535,0.052,-0.254,-0.263,866000000.0,710499968.0,62.984,1.607,1.132,2360000000.0,Non Undervalued Quality
ZBH,5737699840,0.17003,0.100530006,0.06421,0.043330003,0.32961,0.097,-0.057,-0.073,1686000000.0,1169887488.0,64.523,2.428,1.209,8237000192.0,Non Undervalued Quality
ZTS,6741000192,0.39333,0.28211,0.49868,0.15089,0.42471,0.005,0.085,0.057,2916000000.0,2158874880.0,135.05,3.643,2.006,7289999872.0,Non Undervalued Quality
